Date,Food_Category,Food_Prepared,Food_Consumed,Leftover,Expected_Customers,Holiday,Special_Event,Weather
2024-01-01,Meals,712,652,60,661,Yes,Yes,Sunny
2024-01-01,Biryani,655,610,45,648,Yes,No,Sunny
2024-01-01,Breakfast,386,359,27,367,Yes,No,Rainy
2024-01-02,Snacks,348,335,13,352,Yes,No,Cloudy
2024-01-02,Dinner,462,426,36,435,No,No,Sunny
2024-01-02,Desserts,242,221,21,231,No,No,Cold
2024-01-03,Meals,338,324,14,351,No,No,Windy
2024-01-03,Biryani,564,533,31,574,No,Yes,Sunny
2024-01-03,Breakfast,349,328,21,324,No,No,Sunny
2024-01-04,Snacks,297,282,15,302,No,No,Cloudy
2024-01-04,Dinner,335,321,14,322,No,No,Rainy
2024-01-04,Desserts,260,231,29,246,Yes,No,Sunny
2024-01-05,Meals,382,365,17,378,No,No,Cloudy
2024-01-05,Biryani,656,595,61,609,No,No,Sunny
2024-01-05,Breakfast,308,300,8,325,No,No,Cold
2024-01-06,Snacks,323,294,29,307,No,No,Sunny
2024-01-06,Dinner,462,441,21,453,No,No,Sunny
2024-01-06,Desserts,342,304,38,315,No,Yes,Sunny
2024-01-07,Meals,509,474,35,500,No,No,Sunny
2024-01-07,Biryani,610,567,43,569,No,No,Rainy
2024-01-07,Breakfast,571,558,13,587,Yes,Yes,Windy
2024-01-08,Snacks,240,232,8,240,No,No,Sunny
2024-01-08,Dinner,346,318,28,336,No,No,Sunny
2024-01-08,Desserts,219,204,15,206,No,No,Rainy
2024-01-09,Meals,318,305,13,328,No,No,Rainy
2024-01-09,Biryani,461,442,19,470,No,No,Sunny
2024-01-09,Breakfast,327,307,20,326,No,No,Windy
2024-01-10,Snacks,266,251,15,257,No,No,Cold
2024-01-10,Dinner,418,394,24,410,No,No,Sunny
2024-01-10,Desserts,223,205,18,221,No,No,Cold
2024-01-11,Meals,417,398,19,414,No,No,Sunny
2024-01-11,Biryani,537,498,39,495,No,No,Sunny
2024-01-11,Breakfast,481,467,14,465,Yes,No,Cloudy
2024-01-12,Snacks,287,272,15,294,No,No,Sunny
2024-01-12,Dinner,477,434,43,428,No,No,Cloudy
2024-01-12,Desserts,293,260,33,274,No,No,Sunny
2024-01-13,Meals,422,406,16,404,No,No,Sunny
2024-01-13,Biryani,723,665,58,679,No,Yes,Sunny
2024-01-13,Breakfast,477,455,22,464,No,Yes,Windy
2024-01-14,Snacks,361,345,16,348,No,No,Sunny
2024-01-14,Dinner,491,447,44,463,No,No,Sunny
2024-01-14,Desserts,357,318,39,337,No,Yes,Sunny
2024-01-15,Meals,462,431,31,436,No,No,Sunny
2024-01-15,Biryani,552,521,31,521,No,No,Sunny
2024-01-15,Breakfast,331,319,12,328,No,No,Sunny
2024-01-16,Snacks,297,284,13,289,No,No,Sunny
2024-01-16,Dinner,399,388,11,410,No,No,Cloudy
2024-01-16,Desserts,251,229,22,231,No,No,Sunny
2024-01-17,Meals,631,580,51,596,No,Yes,Sunny
2024-01-17,Biryani,402,365,37,384,No,No,Sunny
2024-01-17,Breakfast,323,301,22,324,No,No,Windy
2024-01-18,Snacks,351,321,30,344,No,No,Rainy
2024-01-18,Dinner,402,382,20,385,No,No,Cloudy
2024-01-18,Desserts,232,216,16,216,No,No,Windy
2024-01-19,Meals,632,595,37,595,No,Yes,Windy
2024-01-19,Biryani,508,483,25,524,No,No,Sunny
2024-01-19,Breakfast,342,315,27,329,No,No,Cold
2024-01-20,Snacks,446,407,39,434,No,Yes,Cold
2024-01-20,Dinner,618,580,38,592,No,Yes,Sunny
2024-01-20,Desserts,258,230,28,251,No,No,Cloudy
2024-01-21,Meals,447,425,22,431,No,No,Cloudy
2024-01-21,Biryani,569,533,36,561,No,No,Sunny
2024-01-21,Breakfast,534,503,31,498,No,Yes,Sunny
2024-01-22,Snacks,263,249,14,263,No,No,Sunny
2024-01-22,Dinner,344,315,29,326,No,No,Rainy
2024-01-22,Desserts,239,217,22,224,No,No,Sunny
2024-01-23,Meals,375,364,11,388,No,No,Cloudy
2024-01-23,Biryani,416,390,26,421,No,No,Cloudy
2024-01-23,Breakfast,302,296,6,301,No,No,Cloudy
2024-01-24,Snacks,280,269,11,280,No,No,Sunny
2024-01-24,Dinner,397,366,31,380,No,No,Sunny
2024-01-24,Desserts,273,244,29,241,No,No,Rainy
2024-01-25,Meals,424,392,32,389,No,No,Rainy
2024-01-25,Biryani,429,393,36,400,No,No,Sunny
2024-01-25,Breakfast,333,320,13,338,No,No,Sunny
2024-01-26,Snacks,340,315,25,319,No,No,Sunny
2024-01-26,Dinner,545,499,46,519,Yes,No,Rainy
2024-01-26,Desserts,297,274,23,275,No,No,Windy
2024-01-27,Meals,621,582,39,586,Yes,No,Windy
2024-01-27,Biryani,678,638,40,692,No,Yes,Sunny
2024-01-27,Breakfast,446,426,20,462,No,Yes,Rainy
2024-01-28,Snacks,473,446,27,478,No,Yes,Rainy
2024-01-28,Dinner,762,701,61,705,Yes,Yes,Sunny
2024-01-28,Desserts,357,316,41,325,No,Yes,Sunny
2024-01-29,Meals,387,371,16,366,No,No,Cloudy
2024-01-29,Biryani,547,507,40,514,Yes,No,Sunny
2024-01-29,Breakfast,343,334,9,336,No,No,Cloudy
2024-01-30,Snacks,305,290,15,315,No,No,Sunny
2024-01-30,Dinner,398,371,27,376,No,No,Sunny
2024-01-30,Desserts,221,207,14,212,No,No,Windy
2024-01-31,Meals,377,358,19,369,No,No,Sunny
2024-01-31,Biryani,515,475,40,468,No,No,Sunny
2024-01-31,Breakfast,318,296,22,313,No,No,Sunny
2024-02-01,Snacks,209,200,9,202,No,No,Sunny
2024-02-01,Dinner,412,385,27,399,No,No,Sunny
2024-02-01,Desserts,288,268,20,286,No,Yes,Windy
2024-02-02,Meals,434,396,38,431,No,No,Windy
2024-02-02,Biryani,630,579,51,582,No,No,Rainy
2024-02-02,Breakfast,376,362,14,366,No,No,Cloudy
2024-02-03,Snacks,333,317,16,319,No,No,Sunny
2024-02-03,Dinner,494,456,38,469,No,No,Sunny
2024-02-03,Desserts,308,281,27,277,No,No,Cloudy
2024-02-04,Meals,573,537,36,583,No,Yes,Sunny
2024-02-04,Biryani,592,538,54,577,No,No,Cloudy
2024-02-04,Breakfast,311,287,24,311,No,No,Rainy
2024-02-05,Snacks,284,265,19,286,No,No,Sunny
2024-02-05,Dinner,421,389,32,418,Yes,No,Rainy
2024-02-05,Desserts,296,272,24,280,No,No,Sunny
2024-02-06,Meals,447,414,33,423,No,No,Cold
2024-02-06,Biryani,525,500,25,508,No,No,Sunny
2024-02-06,Breakfast,392,379,13,400,No,Yes,Sunny
2024-02-07,Snacks,361,330,31,334,No,No,Rainy
2024-02-07,Dinner,432,402,30,413,No,No,Cloudy
2024-02-07,Desserts,213,197,16,211,No,No,Sunny
2024-02-08,Meals,473,432,41,437,No,No,Sunny
2024-02-08,Biryani,492,460,32,498,No,No,Sunny
2024-02-08,Breakfast,387,357,30,366,No,No,Sunny
2024-02-09,Snacks,293,271,22,294,No,No,Sunny
2024-02-09,Dinner,504,474,30,482,No,No,Windy
2024-02-09,Desserts,322,288,34,292,No,No,Sunny
2024-02-10,Meals,503,479,24,497,No,No,Cold
2024-02-10,Biryani,623,574,49,564,No,No,Rainy
2024-02-10,Breakfast,478,463,15,465,No,Yes,Sunny
2024-02-11,Snacks,271,247,24,265,No,No,Cloudy
2024-02-11,Dinner,613,561,52,551,No,Yes,Rainy
2024-02-11,Desserts,367,331,36,342,No,Yes,Cloudy
2024-02-12,Meals,437,414,23,425,No,No,Cloudy
2024-02-12,Biryani,473,447,26,445,No,No,Windy
2024-02-12,Breakfast,252,243,9,257,No,No,Cold
2024-02-13,Snacks,318,298,20,319,No,No,Rainy
2024-02-13,Dinner,322,299,23,319,No,No,Rainy
2024-02-13,Desserts,230,207,23,224,No,No,Cloudy
2024-02-14,Meals,396,372,24,366,No,No,Sunny
2024-02-14,Biryani,633,575,58,572,Yes,No,Rainy
2024-02-14,Breakfast,292,284,8,289,No,No,Rainy
2024-02-15,Snacks,264,246,18,249,No,No,Sunny
2024-02-15,Dinner,383,354,29,357,No,No,Windy
2024-02-15,Desserts,339,302,37,308,No,Yes,Sunny
2024-02-16,Meals,512,483,29,480,No,No,Sunny
2024-02-16,Biryani,619,584,35,585,No,No,Sunny
2024-02-16,Breakfast,273,267,6,285,No,No,Rainy
2024-02-17,Snacks,380,358,22,384,No,Yes,Windy
2024-02-17,Dinner,633,597,36,639,No,Yes,Cloudy
2024-02-17,Desserts,264,236,28,250,No,No,Sunny
2024-02-18,Meals,425,405,20,398,No,No,Sunny
2024-02-18,Biryani,636,583,53,590,No,No,Rainy
2024-02-18,Breakfast,440,422,18,431,Yes,No,Windy
2024-02-19,Snacks,354,329,25,332,No,No,Cloudy
2024-02-19,Dinner,372,348,24,361,No,No,Windy
2024-02-19,Desserts,301,281,20,283,No,Yes,Sunny
2024-02-20,Meals,382,365,17,364,No,No,Cold
2024-02-20,Biryani,454,427,27,430,No,No,Cloudy
2024-02-20,Breakfast,397,365,32,368,No,No,Sunny
2024-02-21,Snacks,274,266,8,267,No,No,Sunny
2024-02-21,Dinner,392,358,34,358,No,No,Cloudy
2024-02-21,Desserts,216,197,19,196,No,No,Sunny
2024-02-22,Meals,436,412,24,434,No,No,Sunny
2024-02-22,Biryani,365,349,16,361,No,No,Sunny
2024-02-22,Breakfast,290,277,13,274,No,No,Rainy
2024-02-23,Snacks,260,245,15,264,No,No,Sunny
2024-02-23,Dinner,482,443,39,437,No,No,Sunny
2024-02-23,Desserts,292,270,22,266,No,No,Rainy
2024-02-24,Meals,558,521,37,530,No,Yes,Cloudy
2024-02-24,Biryani,867,830,37,851,Yes,Yes,Sunny
2024-02-24,Breakfast,470,461,9,457,No,Yes,Windy
2024-02-25,Snacks,422,393,29,420,No,Yes,Sunny
2024-02-25,Dinner,682,660,22,705,Yes,Yes,Cloudy
2024-02-25,Desserts,292,267,25,268,No,No,Rainy
2024-02-26,Meals,534,501,33,498,No,No,Cold
2024-02-26,Biryani,485,455,30,471,No,No,Sunny
2024-02-26,Breakfast,329,322,7,329,No,No,Windy
2024-02-27,Snacks,341,311,30,327,No,No,Rainy
2024-02-27,Dinner,424,395,29,393,No,No,Rainy
2024-02-27,Desserts,246,229,17,238,No,No,Sunny
2024-02-28,Meals,447,424,23,430,No,No,Sunny
2024-02-28,Biryani,499,477,22,476,No,No,Sunny
2024-02-28,Breakfast,293,281,12,288,No,No,Cloudy
2024-02-29,Snacks,287,264,23,266,No,No,Cloudy
2024-02-29,Dinner,326,303,23,322,No,No,Rainy
2024-02-29,Desserts,338,304,34,318,No,Yes,Cloudy
2024-03-01,Meals,529,493,36,503,No,No,Cloudy
2024-03-01,Biryani,657,625,32,661,Yes,No,Cloudy
2024-03-01,Breakfast,410,392,18,402,No,No,Sunny
2024-03-02,Snacks,406,384,22,408,No,Yes,Cloudy
2024-03-02,Dinner,433,416,17,450,No,No,Cloudy
2024-03-02,Desserts,278,255,23,264,No,No,Cloudy
2024-03-03,Meals,593,551,42,569,No,Yes,Sunny
2024-03-03,Biryani,742,704,38,741,Yes,No,Sunny
2024-03-03,Breakfast,359,336,23,351,No,No,Sunny
2024-03-04,Snacks,263,242,21,261,No,No,Cloudy
2024-03-04,Dinner,684,634,50,649,Yes,Yes,Windy
2024-03-04,Desserts,293,263,30,277,No,Yes,Sunny
2024-03-05,Meals,461,431,30,457,No,No,Windy
2024-03-05,Biryani,501,472,29,495,No,No,Sunny
2024-03-05,Breakfast,270,253,17,265,No,No,Sunny
2024-03-06,Snacks,268,257,11,275,No,No,Sunny
2024-03-06,Dinner,425,393,32,406,No,No,Cloudy
2024-03-06,Desserts,269,244,25,250,No,No,Windy
2024-03-07,Meals,379,361,18,375,No,No,Rainy
2024-03-07,Biryani,700,654,46,688,No,Yes,Rainy
2024-03-07,Breakfast,455,432,23,441,Yes,No,Sunny
2024-03-08,Snacks,281,265,16,263,No,No,Cloudy
2024-03-08,Dinner,425,410,15,443,No,No,Sunny
2024-03-08,Desserts,280,262,18,270,No,No,Cloudy
2024-03-09,Meals,426,403,23,426,No,No,Rainy
2024-03-09,Biryani,633,605,28,653,No,No,Rainy
2024-03-09,Breakfast,397,375,22,394,No,No,Cloudy
2024-03-10,Snacks,280,262,18,274,No,No,Cloudy
2024-03-10,Dinner,523,484,39,483,No,No,Cloudy
2024-03-10,Desserts,248,229,19,240,No,No,Sunny
2024-03-11,Meals,400,387,13,415,No,No,Cold
2024-03-11,Biryani,674,612,62,610,No,Yes,Cloudy
2024-03-11,Breakfast,429,398,31,426,Yes,No,Cloudy
2024-03-12,Snacks,307,290,17,301,No,No,Sunny
2024-03-12,Dinner,377,354,23,367,No,No,Sunny
2024-03-12,Desserts,254,234,20,234,No,No,Rainy
2024-03-13,Meals,385,351,34,361,No,No,Rainy
2024-03-13,Biryani,504,465,39,493,No,No,Sunny
2024-03-13,Breakfast,353,329,24,347,No,No,Sunny
2024-03-14,Snacks,243,222,21,231,No,No,Sunny
2024-03-14,Dinner,396,379,17,391,No,No,Sunny
2024-03-14,Desserts,249,223,26,221,No,No,Sunny
2024-03-15,Meals,435,419,16,424,No,No,Sunny
2024-03-15,Biryani,618,585,33,631,No,No,Sunny
2024-03-15,Breakfast,335,322,13,340,No,No,Cloudy
2024-03-16,Snacks,431,395,36,425,Yes,No,Rainy
2024-03-16,Dinner,584,545,39,567,No,Yes,Rainy
2024-03-16,Desserts,301,283,18,279,No,No,Sunny
2024-03-17,Meals,406,370,36,377,No,No,Rainy
2024-03-17,Biryani,768,704,64,738,No,Yes,Cloudy
2024-03-17,Breakfast,394,382,12,382,No,No,Sunny
2024-03-18,Snacks,309,285,24,290,No,No,Cloudy
2024-03-18,Dinner,438,425,13,453,Yes,No,Rainy
2024-03-18,Desserts,224,208,16,214,No,No,Cold
2024-03-19,Meals,408,393,15,413,No,No,Sunny
2024-03-19,Biryani,388,364,24,361,No,No,Cloudy
2024-03-19,Breakfast,343,321,22,321,No,No,Rainy
2024-03-20,Snacks,349,332,17,341,Yes,No,Cloudy
2024-03-20,Dinner,364,346,18,350,No,No,Sunny
2024-03-20,Desserts,294,273,21,268,Yes,No,Sunny
2024-03-21,Meals,407,378,29,378,No,No,Sunny
2024-03-21,Biryani,503,483,20,484,No,No,Rainy
2024-03-21,Breakfast,402,377,25,385,Yes,No,Sunny
2024-03-22,Snacks,347,326,21,334,No,No,Cloudy
2024-03-22,Dinner,517,490,27,506,No,No,Sunny
2024-03-22,Desserts,314,278,36,289,No,No,Sunny
2024-03-23,Meals,495,467,28,463,No,No,Sunny
2024-03-23,Biryani,506,485,21,509,No,No,Sunny
2024-03-23,Breakfast,403,382,21,383,No,No,Cloudy
2024-03-24,Snacks,381,357,24,387,No,Yes,Cloudy
2024-03-24,Dinner,504,467,37,458,No,No,Rainy
2024-03-24,Desserts,310,281,29,277,No,No,Sunny
2024-03-25,Meals,453,435,18,443,No,No,Sunny
2024-03-25,Biryani,382,365,17,395,No,No,Windy
2024-03-25,Breakfast,344,318,26,314,No,No,Sunny
2024-03-26,Snacks,298,287,11,295,No,No,Rainy
2024-03-26,Dinner,391,364,27,390,No,No,Rainy
2024-03-26,Desserts,283,254,29,261,No,No,Cloudy
2024-03-27,Meals,606,573,33,575,Yes,Yes,Rainy
2024-03-27,Biryani,511,462,49,487,No,No,Rainy
2024-03-27,Breakfast,307,293,14,317,No,No,Cloudy
2024-03-28,Snacks,341,316,25,333,No,No,Rainy
2024-03-28,Dinner,451,429,22,440,No,No,Cold
2024-03-28,Desserts,234,217,17,234,No,No,Sunny
2024-03-29,Meals,461,431,30,453,No,No,Sunny
2024-03-29,Biryani,621,578,43,596,No,No,Rainy
2024-03-29,Breakfast,375,359,16,382,No,Yes,Cold
2024-03-30,Snacks,395,370,25,383,Yes,No,Cloudy
2024-03-30,Dinner,478,447,31,466,No,No,Cloudy
2024-03-30,Desserts,330,306,24,308,No,Yes,Rainy
2024-03-31,Meals,596,544,52,571,No,Yes,Cold
2024-03-31,Biryani,645,615,30,666,No,No,Rainy
2024-03-31,Breakfast,307,298,9,304,No,No,Rainy
2024-04-01,Snacks,287,264,23,277,No,No,Sunny
2024-04-01,Dinner,426,388,38,393,No,No,Sunny
2024-04-01,Desserts,211,199,12,202,No,No,Cloudy
2024-04-02,Meals,431,403,28,407,No,No,Cloudy
2024-04-02,Biryani,483,460,23,459,No,No,Rainy
2024-04-02,Breakfast,410,398,12,419,No,Yes,Cold
2024-04-03,Snacks,312,286,26,283,No,No,Cloudy
2024-04-03,Dinner,547,513,34,521,No,Yes,Sunny
2024-04-03,Desserts,245,226,19,237,No,No,Windy
2024-04-04,Meals,344,329,15,351,No,No,Rainy
2024-04-04,Biryani,371,350,21,369,No,No,Cold
2024-04-04,Breakfast,296,285,11,286,No,No,Sunny
2024-04-05,Snacks,402,370,32,364,No,No,Sunny
2024-04-05,Dinner,455,429,26,450,No,No,Sunny
2024-04-05,Desserts,327,291,36,299,No,No,Sunny
2024-04-06,Meals,427,398,29,410,No,No,Rainy
2024-04-06,Biryani,767,738,29,741,Yes,No,Sunny
2024-04-06,Breakfast,363,334,29,356,No,No,Cold
2024-04-07,Snacks,295,277,18,284,No,No,Sunny
2024-04-07,Dinner,532,484,48,479,No,No,Sunny
2024-04-07,Desserts,282,252,30,249,No,No,Cold
2024-04-08,Meals,587,550,37,540,Yes,No,Sunny
2024-04-08,Biryani,454,431,23,446,No,No,Windy
2024-04-08,Breakfast,312,291,21,293,No,No,Rainy
2024-04-09,Snacks,327,300,27,299,No,No,Sunny
2024-04-09,Dinner,362,344,18,369,No,No,Sunny
2024-04-09,Desserts,233,207,26,208,No,No,Sunny
2024-04-10,Meals,354,341,13,369,No,No,Sunny
2024-04-10,Biryani,505,464,41,460,No,No,Rainy
2024-04-10,Breakfast,408,397,11,422,No,Yes,Windy
2024-04-11,Snacks,370,347,23,361,No,No,Rainy
2024-04-11,Dinner,417,383,34,385,No,No,Cloudy
2024-04-11,Desserts,238,217,21,234,No,No,Cloudy
2024-04-12,Meals,509,478,31,502,Yes,No,Rainy
2024-04-12,Biryani,604,562,42,605,No,No,Rainy
2024-04-12,Breakfast,330,307,23,318,No,No,Rainy
2024-04-13,Snacks,313,303,10,310,No,No,Cloudy
2024-04-13,Dinner,675,654,21,646,No,Yes,Cold
2024-04-13,Desserts,272,250,22,254,No,No,Cold
2024-04-14,Meals,422,396,26,402,No,No,Windy
2024-04-14,Biryani,871,799,72,822,No,Yes,Rainy
2024-04-14,Breakfast,465,440,25,452,No,Yes,Sunny
2024-04-15,Snacks,334,305,29,322,No,No,Sunny
2024-04-15,Dinner,477,463,14,460,No,Yes,Cloudy
2024-04-15,Desserts,339,306,33,313,No,Yes,Sunny
2024-04-16,Meals,534,517,17,514,Yes,No,Sunny
2024-04-16,Biryani,506,477,29,481,No,No,Cloudy
2024-04-16,Breakfast,320,310,10,315,No,No,Sunny
2024-04-17,Snacks,417,382,35,379,No,Yes,Cold
2024-04-17,Dinner,461,425,36,431,No,No,Rainy
2024-04-17,Desserts,224,202,22,211,No,No,Sunny
2024-04-18,Meals,413,387,26,383,No,No,Sunny
2024-04-18,Biryani,368,350,18,371,No,No,Sunny
2024-04-18,Breakfast,343,331,12,353,No,No,Cloudy
2024-04-19,Snacks,339,313,26,334,No,No,Windy
2024-04-19,Dinner,475,461,14,454,No,No,Rainy
2024-04-19,Desserts,284,260,24,255,No,No,Sunny
2024-04-20,Meals,533,500,33,522,No,Yes,Windy
2024-04-20,Biryani,608,549,59,591,No,No,Rainy
2024-04-20,Breakfast,314,305,9,324,No,No,Sunny
2024-04-21,Snacks,321,305,16,327,No,No,Sunny
2024-04-21,Dinner,496,452,44,452,No,No,Cloudy
2024-04-21,Desserts,344,310,34,331,No,Yes,Cloudy
2024-04-22,Meals,361,332,29,360,No,No,Rainy
2024-04-22,Biryani,461,420,41,437,No,No,Cloudy
2024-04-22,Breakfast,308,289,19,295,No,No,Sunny
2024-04-23,Snacks,314,294,20,320,No,No,Rainy
2024-04-23,Dinner,529,492,37,492,Yes,No,Sunny
2024-04-23,Desserts,217,203,14,219,No,No,Sunny
2024-04-24,Meals,401,379,22,396,No,No,Cloudy
2024-04-24,Biryani,536,488,48,494,No,No,Sunny
2024-04-24,Breakfast,338,331,7,340,No,No,Cloudy
2024-04-25,Snacks,433,400,33,416,Yes,No,Rainy
2024-04-25,Dinner,378,347,31,369,No,No,Sunny
2024-04-25,Desserts,227,202,25,218,No,No,Sunny
2024-04-26,Meals,507,474,33,467,No,No,Sunny
2024-04-26,Biryani,518,493,25,532,No,No,Sunny
2024-04-26,Breakfast,377,367,10,369,No,No,Sunny
2024-04-27,Snacks,271,256,15,277,No,No,Cold
2024-04-27,Dinner,438,418,20,453,No,No,Cold
2024-04-27,Desserts,295,267,28,278,No,No,Cold
2024-04-28,Meals,544,523,21,564,No,Yes,Rainy
2024-04-28,Biryani,465,447,18,481,No,No,Sunny
2024-04-28,Breakfast,370,353,17,362,No,No,Sunny
2024-04-29,Snacks,400,380,20,388,Yes,No,Sunny
2024-04-29,Dinner,492,448,44,444,No,No,Sunny
2024-04-29,Desserts,243,225,18,241,No,No,Sunny
2024-04-30,Meals,489,467,22,504,No,Yes,Sunny
2024-04-30,Biryani,533,509,24,542,No,No,Rainy
2024-04-30,Breakfast,284,273,11,287,No,No,Sunny
2024-05-01,Snacks,223,212,11,228,No,No,Cold
2024-05-01,Dinner,479,445,34,469,No,No,Sunny
2024-05-01,Desserts,222,199,23,208,No,No,Sunny
2024-05-02,Meals,496,465,31,471,No,Yes,Rainy
2024-05-02,Biryani,427,403,24,419,No,No,Cloudy
2024-05-02,Breakfast,300,290,10,295,No,No,Cloudy
2024-05-03,Snacks,333,303,30,327,No,No,Cloudy
2024-05-03,Dinner,506,467,39,480,No,No,Rainy
2024-05-03,Desserts,247,232,15,236,No,No,Rainy
2024-05-04,Meals,525,497,28,504,No,No,Rainy
2024-05-04,Biryani,593,552,41,584,No,No,Sunny
2024-05-04,Breakfast,328,311,17,318,No,No,Sunny
2024-05-05,Snacks,461,421,40,438,No,Yes,Sunny
2024-05-05,Dinner,589,554,35,573,No,Yes,Sunny
2024-05-05,Desserts,290,272,18,272,No,No,Sunny
2024-05-06,Meals,442,425,17,451,No,No,Cloudy
2024-05-06,Biryani,541,507,34,538,No,No,Cold
2024-05-06,Breakfast,351,331,20,353,No,No,Sunny
2024-05-07,Snacks,309,285,24,287,No,No,Sunny
2024-05-07,Dinner,638,609,29,631,Yes,Yes,Windy
2024-05-07,Desserts,234,213,21,218,No,No,Rainy
2024-05-08,Meals,365,348,17,352,No,No,Cloudy
2024-05-08,Biryani,545,514,31,552,No,Yes,Sunny
2024-05-08,Breakfast,278,270,8,282,No,No,Rainy
2024-05-09,Snacks,359,336,23,330,No,No,Rainy
2024-05-09,Dinner,361,351,10,368,No,No,Sunny
2024-05-09,Desserts,223,204,19,211,No,No,Cold
2024-05-10,Meals,424,392,32,425,No,No,Cloudy
2024-05-10,Biryani,619,578,41,617,No,No,Rainy
2024-05-10,Breakfast,359,334,25,335,No,No,Rainy
2024-05-11,Snacks,444,404,40,415,No,Yes,Cloudy
2024-05-11,Dinner,519,478,41,501,No,No,Sunny
2024-05-11,Desserts,295,268,27,268,No,No,Sunny
2024-05-12,Meals,442,428,14,455,No,No,Sunny
2024-05-12,Biryani,600,566,34,572,No,No,Sunny
2024-05-12,Breakfast,436,403,33,404,No,No,Cloudy
2024-05-13,Snacks,340,325,15,323,No,No,Sunny
2024-05-13,Dinner,369,352,17,361,No,No,Cloudy
2024-05-13,Desserts,194,182,12,181,No,No,Rainy
2024-05-14,Meals,372,362,10,381,No,No,Cold
2024-05-14,Biryani,555,511,44,530,No,No,Cloudy
2024-05-14,Breakfast,400,386,14,411,No,Yes,Rainy
2024-05-15,Snacks,366,344,22,353,No,No,Rainy
2024-05-15,Dinner,430,414,16,429,No,No,Sunny
2024-05-15,Desserts,261,243,18,240,No,No,Sunny
2024-05-16,Meals,419,390,29,412,No,No,Rainy
2024-05-16,Biryani,536,502,34,537,No,No,Windy
2024-05-16,Breakfast,288,274,14,298,No,No,Sunny
2024-05-17,Snacks,266,247,19,269,No,No,Cloudy
2024-05-17,Dinner,488,452,36,472,No,No,Sunny
2024-05-17,Desserts,284,255,29,274,No,No,Windy
2024-05-18,Meals,454,428,26,435,No,No,Sunny
2024-05-18,Biryani,766,697,69,705,No,Yes,Sunny
2024-05-18,Breakfast,468,450,18,443,No,Yes,Cloudy
2024-05-19,Snacks,453,423,30,432,No,Yes,Rainy
2024-05-19,Dinner,471,436,35,450,No,No,Cloudy
2024-05-19,Desserts,408,373,35,368,No,Yes,Windy
2024-05-20,Meals,303,277,26,272,No,No,Rainy
2024-05-20,Biryani,514,473,41,495,No,No,Rainy
2024-05-20,Breakfast,318,311,7,329,No,No,Cloudy
2024-05-21,Snacks,419,394,25,401,Yes,No,Rainy
2024-05-21,Dinner,330,314,16,332,No,No,Sunny
2024-05-21,Desserts,225,207,18,213,No,No,Cloudy
2024-05-22,Meals,484,445,39,449,No,No,Cloudy
2024-05-22,Biryani,794,734,60,761,Yes,Yes,Sunny
2024-05-22,Breakfast,354,344,10,348,No,No,Cloudy
2024-05-23,Snacks,321,309,12,312,No,No,Cloudy
2024-05-23,Dinner,425,392,33,425,No,No,Sunny
2024-05-23,Desserts,284,267,17,274,No,Yes,Cloudy
2024-05-24,Meals,369,356,13,377,No,No,Rainy
2024-05-24,Biryani,537,515,22,531,No,No,Sunny
2024-05-24,Breakfast,344,319,25,315,No,No,Rainy
2024-05-25,Snacks,320,303,17,319,No,No,Sunny
2024-05-25,Dinner,530,488,42,521,No,Yes,Sunny
2024-05-25,Desserts,346,310,36,327,No,Yes,Rainy
2024-05-26,Meals,575,542,33,552,No,Yes,Sunny
2024-05-26,Biryani,589,539,50,534,No,No,Sunny
2024-05-26,Breakfast,505,467,38,466,No,Yes,Sunny
2024-05-27,Snacks,438,406,32,405,No,Yes,Cloudy
2024-05-27,Dinner,403,374,29,367,No,No,Sunny
2024-05-27,Desserts,236,213,23,220,No,No,Windy
2024-05-28,Meals,429,415,14,415,No,No,Sunny
2024-05-28,Biryani,440,416,24,441,No,No,Cold
2024-05-28,Breakfast,307,300,7,317,No,No,Cloudy
2024-05-29,Snacks,286,275,11,295,No,No,Rainy
2024-05-29,Dinner,370,353,17,372,No,No,Rainy
2024-05-29,Desserts,239,216,23,216,No,No,Cloudy
2024-05-30,Meals,543,510,33,534,Yes,No,Sunny
2024-05-30,Biryani,438,410,28,445,No,No,Cold
2024-05-30,Breakfast,262,257,5,276,No,No,Sunny
2024-05-31,Snacks,337,320,17,320,No,No,Sunny
2024-05-31,Dinner,408,395,13,429,No,No,Rainy
2024-05-31,Desserts,343,307,36,304,No,No,Sunny
2024-06-01,Meals,603,571,32,570,No,Yes,Rainy
2024-06-01,Biryani,877,828,49,883,Yes,Yes,Sunny
2024-06-01,Breakfast,445,421,24,438,No,Yes,Rainy
2024-06-02,Snacks,547,513,34,509,Yes,Yes,Sunny
2024-06-02,Dinner,526,495,31,508,No,No,Cold
2024-06-02,Desserts,254,237,17,249,No,No,Sunny
2024-06-03,Meals,483,440,43,442,No,No,Sunny
2024-06-03,Biryani,626,571,55,604,No,Yes,Cloudy
2024-06-03,Breakfast,443,424,19,425,No,Yes,Cold
2024-06-04,Snacks,358,330,28,337,No,No,Sunny
2024-06-04,Dinner,368,345,23,354,No,No,Sunny
2024-06-04,Desserts,180,167,13,173,No,No,Windy
2024-06-05,Meals,551,504,47,548,No,Yes,Sunny
2024-06-05,Biryani,558,508,50,503,No,No,Cloudy
2024-06-05,Breakfast,480,445,35,443,No,Yes,Rainy
2024-06-06,Snacks,238,230,8,240,No,No,Cold
2024-06-06,Dinner,478,445,33,438,No,No,Sunny
2024-06-06,Desserts,234,210,24,208,No,No,Cloudy
2024-06-07,Meals,423,392,31,421,No,No,Sunny
2024-06-07,Biryani,691,624,67,613,No,No,Sunny
2024-06-07,Breakfast,485,447,38,458,Yes,No,Windy
2024-06-08,Snacks,395,362,33,387,No,Yes,Cold
2024-06-08,Dinner,426,412,14,437,No,No,Windy
2024-06-08,Desserts,372,335,37,350,No,Yes,Sunny
2024-06-09,Meals,447,410,37,424,No,No,Sunny
2024-06-09,Biryani,745,703,42,700,No,Yes,Sunny
2024-06-09,Breakfast,458,423,35,435,No,Yes,Sunny
2024-06-10,Snacks,355,344,11,356,No,No,Rainy
2024-06-10,Dinner,379,364,15,388,No,No,Windy
2024-06-10,Desserts,231,214,17,227,No,No,Cloudy
2024-06-11,Meals,524,495,29,518,No,Yes,Rainy
2024-06-11,Biryani,484,465,19,495,No,No,Rainy
2024-06-11,Breakfast,334,317,17,331,No,No,Sunny
2024-06-12,Snacks,407,373,34,398,No,Yes,Rainy
2024-06-12,Dinner,347,336,11,355,No,No,Sunny
2024-06-12,Desserts,232,212,20,223,No,No,Sunny
2024-06-13,Meals,412,386,26,402,No,No,Rainy
2024-06-13,Biryani,383,367,16,380,No,No,Windy
2024-06-13,Breakfast,345,325,20,330,No,No,Rainy
2024-06-14,Snacks,308,281,27,276,No,No,Sunny
2024-06-14,Dinner,546,509,37,500,No,No,Sunny
2024-06-14,Desserts,286,269,17,266,No,No,Windy
2024-06-15,Meals,397,370,27,371,No,No,Sunny
2024-06-15,Biryani,611,559,52,572,No,No,Sunny
2024-06-15,Breakfast,345,329,16,345,No,No,Sunny
2024-06-16,Snacks,338,325,13,344,No,No,Sunny
2024-06-16,Dinner,633,579,54,583,No,Yes,Windy
2024-06-16,Desserts,367,340,27,358,No,Yes,Cloudy
2024-06-17,Meals,444,419,25,412,No,No,Sunny
2024-06-17,Biryani,447,425,22,432,No,No,Sunny
2024-06-17,Breakfast,340,322,18,322,No,No,Cloudy
2024-06-18,Snacks,264,243,21,261,No,No,Rainy
2024-06-18,Dinner,546,515,31,546,No,Yes,Sunny
2024-06-18,Desserts,203,186,17,186,No,No,Sunny
2024-06-19,Meals,375,344,31,367,No,No,Sunny
2024-06-19,Biryani,542,497,45,493,No,No,Sunny
2024-06-19,Breakfast,368,341,27,336,No,No,Sunny
2024-06-20,Snacks,309,300,9,313,No,No,Sunny
2024-06-20,Dinner,425,413,12,422,No,No,Sunny
2024-06-20,Desserts,228,207,21,204,No,No,Sunny
2024-06-21,Meals,470,433,37,439,No,No,Sunny
2024-06-21,Biryani,892,812,80,824,No,Yes,Rainy
2024-06-21,Breakfast,324,298,26,322,No,No,Rainy
2024-06-22,Snacks,339,323,16,321,No,No,Cloudy
2024-06-22,Dinner,507,471,36,478,No,No,Cloudy
2024-06-22,Desserts,252,232,20,242,No,No,Sunny
2024-06-23,Meals,578,533,45,548,Yes,No,Sunny
2024-06-23,Biryani,571,519,52,517,No,No,Cloudy
2024-06-23,Breakfast,474,459,15,461,No,Yes,Sunny
2024-06-24,Snacks,345,319,26,334,No,No,Sunny
2024-06-24,Dinner,402,379,23,378,No,No,Sunny
2024-06-24,Desserts,233,208,25,225,No,No,Cold
2024-06-25,Meals,413,398,15,396,No,No,Sunny
2024-06-25,Biryani,574,536,38,531,No,No,Rainy
2024-06-25,Breakfast,283,266,17,284,No,No,Cloudy
2024-06-26,Snacks,366,338,28,361,Yes,No,Cloudy
2024-06-26,Dinner,360,328,32,342,No,No,Sunny
2024-06-26,Desserts,282,266,16,278,No,Yes,Sunny
2024-06-27,Meals,385,357,28,378,No,No,Sunny
2024-06-27,Biryani,403,384,19,393,No,No,Sunny
2024-06-27,Breakfast,324,300,24,315,No,No,Sunny
2024-06-28,Snacks,266,255,11,267,No,No,Windy
2024-06-28,Dinner,474,439,35,471,No,No,Sunny
2024-06-28,Desserts,313,295,18,300,No,No,Sunny
2024-06-29,Meals,498,483,15,491,No,No,Sunny
2024-06-29,Biryani,624,594,30,614,No,No,Rainy
2024-06-29,Breakfast,343,334,9,341,No,No,Cloudy
2024-06-30,Snacks,371,358,13,385,No,Yes,Cloudy
2024-06-30,Dinner,595,567,28,573,No,Yes,Sunny
2024-06-30,Desserts,397,375,22,394,Yes,Yes,Cold
2024-07-01,Meals,385,362,23,390,No,No,Cloudy
2024-07-01,Biryani,611,551,60,585,No,Yes,Sunny
2024-07-01,Breakfast,329,306,23,323,No,No,Sunny
2024-07-02,Snacks,294,285,9,287,No,No,Sunny
2024-07-02,Dinner,380,349,31,356,No,No,Sunny
2024-07-02,Desserts,254,226,28,236,No,No,Sunny
2024-07-03,Meals,429,414,15,415,No,No,Windy
2024-07-03,Biryani,522,489,33,523,No,Yes,Cold
2024-07-03,Breakfast,321,315,6,330,No,No,Cloudy
2024-07-04,Snacks,297,272,25,292,No,No,Cold
2024-07-04,Dinner,401,373,28,377,No,No,Sunny
2024-07-04,Desserts,245,222,23,219,No,No,Rainy
2024-07-05,Meals,479,455,24,482,No,No,Cloudy
2024-07-05,Biryani,633,571,62,586,No,No,Cloudy
2024-07-05,Breakfast,484,473,11,470,Yes,No,Sunny
2024-07-06,Snacks,262,244,18,260,No,No,Sunny
2024-07-06,Dinner,397,383,14,398,No,No,Cloudy
2024-07-06,Desserts,369,349,20,358,No,Yes,Sunny
2024-07-07,Meals,449,410,39,416,No,No,Sunny
2024-07-07,Biryani,732,679,53,704,No,Yes,Sunny
2024-07-07,Breakfast,375,360,15,383,No,No,Cloudy
2024-07-08,Snacks,328,304,24,313,No,No,Sunny
2024-07-08,Dinner,473,441,32,474,Yes,No,Sunny
2024-07-08,Desserts,201,181,20,188,No,No,Sunny
2024-07-09,Meals,635,586,49,599,No,Yes,Sunny
2024-07-09,Biryani,390,363,27,389,No,No,Cold
2024-07-09,Breakfast,453,418,35,431,No,Yes,Cold
2024-07-10,Snacks,246,233,13,250,No,No,Cloudy
2024-07-10,Dinner,302,279,23,276,No,No,Rainy
2024-07-10,Desserts,252,236,16,245,No,No,Cold
2024-07-11,Meals,415,385,30,383,No,No,Cloudy
2024-07-11,Biryani,536,506,30,516,No,No,Sunny
2024-07-11,Breakfast,275,258,17,266,No,No,Cold
2024-07-12,Snacks,356,333,23,344,No,Yes,Sunny
2024-07-12,Dinner,522,481,41,479,No,No,Cloudy
2024-07-12,Desserts,350,326,24,331,No,Yes,Sunny
2024-07-13,Meals,480,444,36,468,No,No,Sunny
2024-07-13,Biryani,846,769,77,774,Yes,Yes,Windy
2024-07-13,Breakfast,502,463,39,470,No,Yes,Cloudy
2024-07-14,Snacks,284,276,8,284,No,No,Sunny
2024-07-14,Dinner,532,495,37,500,No,No,Windy
2024-07-14,Desserts,250,232,18,229,No,No,Cloudy
2024-07-15,Meals,425,401,24,419,No,No,Sunny
2024-07-15,Biryani,567,534,33,565,No,No,Rainy
2024-07-15,Breakfast,340,320,20,316,No,No,Sunny
2024-07-16,Snacks,341,315,26,330,No,No,Rainy
2024-07-16,Dinner,427,400,27,417,No,No,Sunny
2024-07-16,Desserts,236,218,18,229,No,No,Sunny
2024-07-17,Meals,453,440,13,433,No,No,Rainy
2024-07-17,Biryani,475,439,36,448,No,No,Windy
2024-07-17,Breakfast,376,356,20,372,No,No,Sunny
2024-07-18,Snacks,251,232,19,243,No,No,Cloudy
2024-07-18,Dinner,556,534,22,527,No,Yes,Windy
2024-07-18,Desserts,247,224,23,242,No,No,Sunny
2024-07-19,Meals,515,469,46,474,No,No,Sunny
2024-07-19,Biryani,585,557,28,560,No,No,Cold
2024-07-19,Breakfast,406,383,23,393,No,No,Sunny
2024-07-20,Snacks,364,353,11,367,No,No,Rainy
2024-07-20,Dinner,444,429,15,434,No,No,Rainy
2024-07-20,Desserts,321,302,19,318,No,Yes,Cloudy
2024-07-21,Meals,391,370,21,397,No,No,Cloudy
2024-07-21,Biryani,608,551,57,558,No,No,Sunny
2024-07-21,Breakfast,289,284,5,305,No,No,Cold
2024-07-22,Snacks,259,240,19,253,No,No,Cold
2024-07-22,Dinner,346,331,15,354,No,No,Sunny
2024-07-22,Desserts,222,199,23,200,No,No,Sunny
2024-07-23,Meals,389,376,13,397,No,No,Cold
2024-07-23,Biryani,530,506,24,531,No,No,Rainy
2024-07-23,Breakfast,434,409,25,424,No,Yes,Rainy
2024-07-24,Snacks,307,292,15,306,No,No,Rainy
2024-07-24,Dinner,547,503,44,523,No,Yes,Sunny
2024-07-24,Desserts,263,243,20,252,No,No,Windy
2024-07-25,Meals,362,349,13,347,No,No,Sunny
2024-07-25,Biryani,383,367,16,396,No,No,Windy
2024-07-25,Breakfast,409,378,31,387,Yes,No,Sunny
2024-07-26,Snacks,290,268,22,278,No,No,Cold
2024-07-26,Dinner,473,444,29,460,No,No,Cloudy
2024-07-26,Desserts,281,252,29,251,No,No,Cloudy
2024-07-27,Meals,514,469,45,476,No,No,Sunny
2024-07-27,Biryani,653,626,27,647,No,No,Sunny
2024-07-27,Breakfast,491,467,24,483,No,Yes,Sunny
2024-07-28,Snacks,390,359,31,370,Yes,No,Cloudy
2024-07-28,Dinner,475,437,38,444,No,No,Sunny
2024-07-28,Desserts,251,224,27,235,No,No,Rainy
2024-07-29,Meals,336,325,11,348,No,No,Rainy
2024-07-29,Biryani,467,429,38,449,No,No,Sunny
2024-07-29,Breakfast,313,303,10,314,No,No,Cloudy
2024-07-30,Snacks,242,227,15,246,No,No,Sunny
2024-07-30,Dinner,363,349,14,369,No,No,Sunny
2024-07-30,Desserts,203,183,20,199,No,No,Rainy
2024-07-31,Meals,308,296,12,295,No,No,Sunny
2024-07-31,Biryani,521,495,26,494,No,No,Cloudy
2024-07-31,Breakfast,307,297,10,304,No,No,Cloudy
2024-08-01,Snacks,433,407,26,405,No,Yes,Sunny
2024-08-01,Dinner,331,306,25,332,No,No,Sunny
2024-08-01,Desserts,290,264,26,283,No,Yes,Rainy
2024-08-02,Meals,409,396,13,414,No,No,Cloudy
2024-08-02,Biryani,536,503,33,504,No,No,Cloudy
2024-08-02,Breakfast,341,324,17,348,No,No,Cloudy
2024-08-03,Snacks,295,283,12,295,No,No,Windy
2024-08-03,Dinner,534,508,26,514,No,No,Sunny
2024-08-03,Desserts,294,270,24,269,No,No,Sunny
2024-08-04,Meals,394,374,20,387,No,No,Cloudy
2024-08-04,Biryani,636,583,53,589,No,No,Sunny
2024-08-04,Breakfast,341,326,15,347,No,No,Sunny
2024-08-05,Snacks,270,260,10,263,No,No,Cloudy
2024-08-05,Dinner,558,540,18,561,No,Yes,Sunny
2024-08-05,Desserts,360,319,41,333,No,Yes,Sunny
2024-08-06,Meals,354,330,24,330,No,No,Cloudy
2024-08-06,Biryani,410,387,23,387,No,No,Cloudy
2024-08-06,Breakfast,368,355,13,385,Yes,No,Rainy
2024-08-07,Snacks,380,361,19,362,Yes,No,Cold
2024-08-07,Dinner,339,323,16,348,No,No,Rainy
2024-08-07,Desserts,232,215,17,212,No,No,Sunny
2024-08-08,Meals,373,360,13,375,No,No,Windy
2024-08-08,Biryani,594,537,57,537,Yes,No,Cold
2024-08-08,Breakfast,284,265,19,272,No,No,Rainy
2024-08-09,Snacks,284,266,18,276,No,No,Rainy
2024-08-09,Dinner,648,620,28,628,Yes,Yes,Sunny
2024-08-09,Desserts,207,186,21,203,No,No,Rainy
2024-08-10,Meals,630,593,37,586,No,Yes,Cloudy
2024-08-10,Biryani,556,504,52,510,No,No,Cold
2024-08-10,Breakfast,357,336,21,356,No,No,Windy
2024-08-11,Snacks,451,419,32,425,No,Yes,Windy
2024-08-11,Dinner,441,402,39,415,No,No,Sunny
2024-08-11,Desserts,283,263,20,260,No,No,Cold
2024-08-12,Meals,427,401,26,412,No,No,Sunny
2024-08-12,Biryani,444,408,36,401,No,No,Sunny
2024-08-12,Breakfast,331,312,19,328,No,No,Sunny
2024-08-13,Snacks,329,307,22,318,No,No,Sunny
2024-08-13,Dinner,389,371,18,369,No,No,Sunny
2024-08-13,Desserts,184,173,11,184,No,No,Rainy
2024-08-14,Meals,406,391,15,385,No,No,Sunny
2024-08-14,Biryani,598,544,54,534,No,No,Rainy
2024-08-14,Breakfast,316,302,14,310,No,No,Cloudy
2024-08-15,Snacks,512,477,35,493,Yes,Yes,Cloudy
2024-08-15,Dinner,400,388,12,411,Yes,No,Sunny
2024-08-15,Desserts,260,237,23,253,Yes,No,Cold
2024-08-16,Meals,426,394,32,407,No,No,Cloudy
2024-08-16,Biryani,620,591,29,602,No,No,Sunny
2024-08-16,Breakfast,338,330,8,329,No,No,Sunny
2024-08-17,Snacks,283,264,19,279,No,No,Sunny
2024-08-17,Dinner,385,370,15,385,No,No,Sunny
2024-08-17,Desserts,307,289,18,292,Yes,No,Cold
2024-08-18,Meals,595,563,32,611,No,Yes,Sunny
2024-08-18,Biryani,676,623,53,667,No,Yes,Sunny
2024-08-18,Breakfast,465,455,10,454,No,Yes,Sunny
2024-08-19,Snacks,284,259,25,268,No,No,Sunny
2024-08-19,Dinner,435,406,29,433,No,No,Sunny
2024-08-19,Desserts,209,190,19,196,No,No,Rainy
2024-08-20,Meals,380,363,17,380,No,No,Rainy
2024-08-20,Biryani,599,563,36,561,No,Yes,Cloudy
2024-08-20,Breakfast,442,421,21,458,No,Yes,Windy
2024-08-21,Snacks,271,256,15,268,No,No,Sunny
2024-08-21,Dinner,378,361,17,377,No,No,Sunny
2024-08-21,Desserts,225,202,23,200,No,No,Cloudy
2024-08-22,Meals,432,415,17,413,No,No,Cloudy
2024-08-22,Biryani,485,448,37,474,No,No,Rainy
2024-08-22,Breakfast,400,386,14,416,No,Yes,Sunny
2024-08-23,Snacks,301,283,18,303,No,No,Sunny
2024-08-23,Dinner,527,501,26,502,No,No,Cloudy
2024-08-23,Desserts,284,267,17,268,No,No,Sunny
2024-08-24,Meals,467,446,21,448,No,No,Cloudy
2024-08-24,Biryani,557,510,47,528,No,No,Sunny
2024-08-24,Breakfast,344,337,7,343,No,No,Cloudy
2024-08-25,Snacks,383,351,32,374,No,No,Rainy
2024-08-25,Dinner,546,526,20,556,No,Yes,Rainy
2024-08-25,Desserts,388,355,33,356,No,Yes,Sunny
2024-08-26,Meals,438,400,38,408,No,No,Sunny
2024-08-26,Biryani,498,458,40,466,No,No,Sunny
2024-08-26,Breakfast,388,361,27,363,No,No,Sunny
2024-08-27,Snacks,270,260,10,273,No,No,Cloudy
2024-08-27,Dinner,356,342,14,365,No,No,Sunny
2024-08-27,Desserts,279,249,30,249,No,No,Sunny
2024-08-28,Meals,523,508,15,532,No,Yes,Sunny
2024-08-28,Biryani,489,445,44,483,No,No,Sunny
2024-08-28,Breakfast,306,290,16,303,No,No,Cloudy
2024-08-29,Snacks,296,276,20,290,No,No,Rainy
2024-08-29,Dinner,408,391,17,389,No,No,Sunny
2024-08-29,Desserts,298,270,28,270,No,Yes,Rainy
2024-08-30,Meals,413,378,35,408,No,No,Sunny
2024-08-30,Biryani,603,551,52,594,No,No,Windy
2024-08-30,Breakfast,431,400,31,404,Yes,No,Cold
2024-08-31,Snacks,437,399,38,420,No,Yes,Sunny
2024-08-31,Dinner,584,558,26,574,No,Yes,Cloudy
2024-08-31,Desserts,271,246,25,265,No,No,Sunny
2024-09-01,Meals,456,433,23,451,No,No,Windy
2024-09-01,Biryani,604,545,59,573,No,No,Sunny
2024-09-01,Breakfast,348,337,11,346,No,No,Sunny
2024-09-02,Snacks,256,242,14,239,No,No,Sunny
2024-09-02,Dinner,409,390,19,383,No,No,Cold
2024-09-02,Desserts,211,189,22,206,No,No,Windy
2024-09-03,Meals,282,274,8,293,No,No,Rainy
2024-09-03,Biryani,426,404,22,414,No,No,Sunny
2024-09-03,Breakfast,497,463,34,467,No,Yes,Sunny
2024-09-04,Snacks,272,249,23,255,No,No,Cloudy
2024-09-04,Dinner,367,339,28,367,No,No,Cloudy
2024-09-04,Desserts,243,217,26,216,No,No,Sunny
2024-09-05,Meals,431,410,21,428,No,No,Rainy
2024-09-05,Biryani,594,563,31,581,Yes,No,Sunny
2024-09-05,Breakfast,377,365,12,377,Yes,No,Sunny
2024-09-06,Snacks,317,297,20,321,No,No,Sunny
2024-09-06,Dinner,492,474,18,509,Yes,No,Sunny
2024-09-06,Desserts,276,251,25,268,No,No,Cloudy
2024-09-07,Meals,543,505,38,544,No,Yes,Cloudy
2024-09-07,Biryani,693,653,40,708,No,No,Rainy
2024-09-07,Breakfast,368,356,12,356,No,No,Sunny
2024-09-08,Snacks,319,291,28,315,No,No,Sunny
2024-09-08,Dinner,454,441,13,457,No,No,Sunny
2024-09-08,Desserts,328,300,28,318,No,Yes,Rainy
2024-09-09,Meals,452,438,14,445,No,No,Cloudy
2024-09-09,Biryani,466,447,19,456,No,No,Cloudy
2024-09-09,Breakfast,452,419,33,425,No,Yes,Sunny
2024-09-10,Snacks,455,431,24,458,Yes,No,Rainy
2024-09-10,Dinner,539,507,32,541,No,Yes,Sunny
2024-09-10,Desserts,207,189,18,201,No,No,Sunny
2024-09-11,Meals,391,374,17,381,No,No,Sunny
2024-09-11,Biryani,523,475,48,484,No,No,Cloudy
2024-09-11,Breakfast,303,280,23,300,No,No,Sunny
2024-09-12,Snacks,401,374,27,369,No,Yes,Sunny
2024-09-12,Dinner,460,437,23,433,No,No,Sunny
2024-09-12,Desserts,285,256,29,263,No,No,Sunny
2024-09-13,Meals,471,429,42,421,No,No,Cloudy
2024-09-13,Biryani,558,518,40,545,No,No,Windy
2024-09-13,Breakfast,531,491,40,493,No,Yes,Sunny
2024-09-14,Snacks,286,262,24,260,No,No,Cold
2024-09-14,Dinner,607,568,39,600,No,Yes,Sunny
2024-09-14,Desserts,259,237,22,240,No,No,Sunny
2024-09-15,Meals,451,433,18,464,No,No,Sunny
2024-09-15,Biryani,828,759,69,790,Yes,Yes,Sunny
2024-09-15,Breakfast,519,498,21,514,No,Yes,Windy
2024-09-16,Snacks,273,253,20,274,No,No,Sunny
2024-09-16,Dinner,367,337,30,347,No,No,Rainy
2024-09-16,Desserts,186,175,11,175,No,No,Rainy
2024-09-17,Meals,411,383,28,395,No,No,Sunny
2024-09-17,Biryani,540,492,48,518,Yes,No,Sunny
2024-09-17,Breakfast,323,300,23,322,No,No,Rainy
2024-09-18,Snacks,318,291,27,292,No,No,Sunny
2024-09-18,Dinner,379,351,28,359,No,No,Sunny
2024-09-18,Desserts,247,220,27,223,No,No,Sunny
2024-09-19,Meals,436,409,27,428,No,No,Sunny
2024-09-19,Biryani,594,557,37,549,No,No,Rainy
2024-09-19,Breakfast,288,267,21,286,No,No,Windy
2024-09-20,Snacks,298,275,23,290,No,No,Sunny
2024-09-20,Dinner,492,470,22,479,No,No,Sunny
2024-09-20,Desserts,268,239,29,260,No,No,Rainy
2024-09-21,Meals,485,454,31,481,No,No,Sunny
2024-09-21,Biryani,586,540,46,578,No,No,Sunny
2024-09-21,Breakfast,411,392,19,424,Yes,No,Cloudy
2024-09-22,Snacks,394,364,30,372,No,No,Cloudy
2024-09-22,Dinner,531,503,28,526,No,No,Cold
2024-09-22,Desserts,350,316,34,339,Yes,No,Sunny
2024-09-23,Meals,352,326,26,351,No,No,Rainy
2024-09-23,Biryani,500,453,47,459,No,No,Rainy
2024-09-23,Breakfast,299,287,12,282,No,No,Rainy
2024-09-24,Snacks,371,349,22,355,No,No,Rainy
2024-09-24,Dinner,376,351,25,381,No,No,Cloudy
2024-09-24,Desserts,242,223,19,219,No,No,Cloudy
2024-09-25,Meals,401,370,31,391,No,No,Rainy
2024-09-25,Biryani,452,416,36,452,No,No,Sunny
2024-09-25,Breakfast,306,294,12,309,No,No,Rainy
2024-09-26,Snacks,295,278,17,283,No,No,Cloudy
2024-09-26,Dinner,330,305,25,318,No,No,Rainy
2024-09-26,Desserts,260,237,23,250,No,No,Cloudy
2024-09-27,Meals,494,471,23,464,No,No,Cloudy
2024-09-27,Biryani,775,718,57,715,Yes,No,Rainy
2024-09-27,Breakfast,341,334,7,352,No,No,Windy
2024-09-28,Snacks,425,407,18,401,No,Yes,Rainy
2024-09-28,Dinner,606,588,18,610,No,Yes,Cloudy
2024-09-28,Desserts,326,298,28,301,No,Yes,Windy
2024-09-29,Meals,491,455,36,488,No,No,Cloudy
2024-09-29,Biryani,575,529,46,523,No,No,Sunny
2024-09-29,Breakfast,479,460,19,467,No,Yes,Rainy
2024-09-30,Snacks,287,276,11,290,No,No,Windy
2024-09-30,Dinner,384,373,11,394,No,No,Sunny
2024-09-30,Desserts,233,216,17,227,No,No,Sunny
2024-10-01,Meals,413,392,21,400,No,No,Sunny
2024-10-01,Biryani,551,527,24,534,No,No,Rainy
2024-10-01,Breakfast,409,383,26,382,Yes,No,Sunny
2024-10-02,Snacks,273,254,19,257,No,No,Cloudy
2024-10-02,Dinner,395,361,34,361,No,No,Cloudy
2024-10-02,Desserts,240,220,20,222,No,No,Cloudy
2024-10-03,Meals,353,328,25,342,No,No,Windy
2024-10-03,Biryani,384,369,15,383,No,No,Windy
2024-10-03,Breakfast,315,307,8,314,No,No,Rainy
2024-10-04,Snacks,361,336,25,353,No,No,Cloudy
2024-10-04,Dinner,450,410,40,421,No,No,Sunny
2024-10-04,Desserts,307,276,31,282,No,No,Cloudy
2024-10-05,Meals,467,437,30,432,No,No,Sunny
2024-10-05,Biryani,633,602,31,601,No,No,Rainy
2024-10-05,Breakfast,484,459,25,480,No,Yes,Sunny
2024-10-06,Snacks,394,361,33,358,No,Yes,Cloudy
2024-10-06,Dinner,637,596,41,622,No,Yes,Sunny
2024-10-06,Desserts,295,273,22,270,No,No,Rainy
2024-10-07,Meals,435,396,39,431,No,No,Cold
2024-10-07,Biryani,479,445,34,466,No,No,Sunny
2024-10-07,Breakfast,393,380,13,378,Yes,No,Cloudy
2024-10-08,Snacks,329,312,17,326,No,No,Sunny
2024-10-08,Dinner,398,366,32,362,No,No,Rainy
2024-10-08,Desserts,236,222,14,238,No,No,Cloudy
2024-10-09,Meals,379,353,26,381,Yes,No,Rainy
2024-10-09,Biryani,526,492,34,502,No,No,Cloudy
2024-10-09,Breakfast,270,255,15,272,No,No,Rainy
2024-10-10,Snacks,295,279,16,288,No,No,Sunny
2024-10-10,Dinner,363,342,21,368,No,No,Cold
2024-10-10,Desserts,237,210,27,207,No,No,Cloudy
2024-10-11,Meals,471,436,35,451,No,No,Sunny
2024-10-11,Biryani,807,760,47,761,No,Yes,Rainy
2024-10-11,Breakfast,426,398,28,412,Yes,No,Cloudy
2024-10-12,Snacks,316,289,27,314,No,No,Sunny
2024-10-12,Dinner,448,408,40,442,No,No,Sunny
2024-10-12,Desserts,293,262,31,270,No,No,Sunny
2024-10-13,Meals,457,427,30,456,No,No,Windy
2024-10-13,Biryani,584,544,40,550,No,No,Sunny
2024-10-13,Breakfast,381,362,19,387,No,No,Sunny
2024-10-14,Snacks,346,322,24,335,No,No,Sunny
2024-10-14,Dinner,332,319,13,343,No,No,Sunny
2024-10-14,Desserts,210,192,18,193,No,No,Cloudy
2024-10-15,Meals,413,378,35,411,No,No,Rainy
2024-10-15,Biryani,514,493,21,499,No,No,Cold
2024-10-15,Breakfast,265,254,11,253,No,No,Cold
2024-10-16,Snacks,420,388,32,405,No,Yes,Cloudy
2024-10-16,Dinner,371,356,15,360,No,No,Rainy
2024-10-16,Desserts,232,218,14,237,No,No,Cloudy
2024-10-17,Meals,377,364,13,395,No,No,Sunny
2024-10-17,Biryani,526,485,41,478,No,No,Cloudy
2024-10-17,Breakfast,488,461,27,457,No,Yes,Windy
2024-10-18,Snacks,340,320,20,339,No,No,Cloudy
2024-10-18,Dinner,499,461,38,457,No,No,Windy
2024-10-18,Desserts,312,288,24,289,No,No,Sunny
2024-10-19,Meals,653,597,56,616,No,Yes,Cold
2024-10-19,Biryani,627,595,32,597,No,No,Sunny
2024-10-19,Breakfast,378,360,18,381,No,No,Sunny
2024-10-20,Snacks,320,306,14,311,No,No,Cold
2024-10-20,Dinner,492,452,40,470,No,No,Rainy
2024-10-20,Desserts,292,262,30,259,No,No,Sunny
2024-10-21,Meals,417,389,28,406,No,No,Cold
2024-10-21,Biryani,771,738,33,727,No,Yes,Rainy
2024-10-21,Breakfast,293,284,9,297,No,No,Rainy
2024-10-22,Snacks,325,314,11,329,No,No,Rainy
2024-10-22,Dinner,415,390,25,399,No,No,Sunny
2024-10-22,Desserts,337,302,35,311,Yes,No,Sunny
2024-10-23,Meals,438,422,16,457,No,No,Sunny
2024-10-23,Biryani,591,537,54,544,No,No,Rainy
2024-10-23,Breakfast,345,328,17,333,No,No,Windy
2024-10-24,Snacks,369,355,14,381,No,Yes,Cloudy
2024-10-24,Dinner,494,455,39,465,Yes,No,Cloudy
2024-10-24,Desserts,234,210,24,223,No,No,Cloudy
2024-10-25,Meals,507,474,33,466,No,No,Cold
2024-10-25,Biryani,552,511,41,513,No,No,Cloudy
2024-10-25,Breakfast,325,310,15,318,No,No,Sunny
2024-10-26,Snacks,462,431,31,429,No,Yes,Sunny
2024-10-26,Dinner,587,546,41,588,No,Yes,Rainy
2024-10-26,Desserts,284,265,19,268,No,No,Cloudy
2024-10-27,Meals,470,442,28,472,No,No,Cold
2024-10-27,Biryani,525,497,28,541,No,No,Sunny
2024-10-27,Breakfast,470,438,32,466,No,Yes,Sunny
2024-10-28,Snacks,259,241,18,242,No,No,Sunny
2024-10-28,Dinner,387,369,18,375,No,No,Sunny
2024-10-28,Desserts,226,213,13,214,No,No,Cloudy
2024-10-29,Meals,415,380,35,408,No,No,Sunny
2024-10-29,Biryani,407,375,32,399,No,No,Sunny
2024-10-29,Breakfast,371,355,16,353,No,No,Sunny
2024-10-30,Snacks,367,353,14,350,No,No,Rainy
2024-10-30,Dinner,449,409,40,416,No,No,Sunny
2024-10-30,Desserts,240,225,15,244,No,No,Cloudy
2024-10-31,Meals,380,351,29,359,No,No,Sunny
2024-10-31,Biryani,589,536,53,528,No,No,Sunny
2024-10-31,Breakfast,340,328,12,327,No,No,Rainy
2024-11-01,Snacks,311,291,20,306,No,No,Sunny
2024-11-01,Dinner,483,468,15,460,No,No,Sunny
2024-11-01,Desserts,283,259,24,267,No,No,Sunny
2024-11-02,Meals,472,431,41,434,No,No,Sunny
2024-11-02,Biryani,560,528,32,546,No,No,Sunny
2024-11-02,Breakfast,327,312,15,310,No,No,Sunny
2024-11-03,Snacks,378,366,12,364,No,No,Rainy
2024-11-03,Dinner,618,570,48,586,No,Yes,Sunny
2024-11-03,Desserts,414,390,24,393,No,Yes,Windy
2024-11-04,Meals,440,417,23,425,No,No,Windy
2024-11-04,Biryani,497,472,25,477,No,No,Sunny
2024-11-04,Breakfast,277,255,22,261,No,No,Sunny
2024-11-05,Snacks,289,276,13,289,No,No,Sunny
2024-11-05,Dinner,360,347,13,357,No,No,Sunny
2024-11-05,Desserts,230,209,21,221,No,No,Rainy
2024-11-06,Meals,440,415,25,412,No,No,Cloudy
2024-11-06,Biryani,470,449,21,443,No,No,Sunny
2024-11-06,Breakfast,321,309,12,315,No,No,Rainy
2024-11-07,Snacks,256,242,14,254,No,No,Sunny
2024-11-07,Dinner,432,402,30,397,No,No,Sunny
2024-11-07,Desserts,199,181,18,191,No,No,Rainy
2024-11-08,Meals,450,432,18,433,No,No,Sunny
2024-11-08,Biryani,570,547,23,549,No,No,Cold
2024-11-08,Breakfast,399,367,32,387,No,No,Sunny
2024-11-09,Snacks,277,269,8,286,No,No,Sunny
2024-11-09,Dinner,456,433,23,455,No,No,Sunny
2024-11-09,Desserts,377,347,30,343,No,Yes,Sunny
2024-11-10,Meals,531,505,26,497,No,No,Sunny
2024-11-10,Biryani,580,537,43,528,No,No,Cold
2024-11-10,Breakfast,349,339,10,336,No,No,Sunny
2024-11-11,Snacks,248,234,14,234,No,No,Sunny
2024-11-11,Dinner,490,467,23,461,No,Yes,Rainy
2024-11-11,Desserts,287,270,17,274,Yes,No,Sunny
2024-11-12,Meals,354,336,18,333,No,No,Sunny
2024-11-12,Biryani,387,366,21,383,No,No,Sunny
2024-11-12,Breakfast,371,341,30,354,No,No,Windy
2024-11-13,Snacks,328,310,18,305,No,No,Cloudy
2024-11-13,Dinner,389,357,32,370,No,No,Rainy
2024-11-13,Desserts,310,291,19,293,No,Yes,Cold
2024-11-14,Meals,359,346,13,348,No,No,Sunny
2024-11-14,Biryani,499,455,44,493,No,No,Rainy
2024-11-14,Breakfast,275,265,10,288,No,No,Rainy
2024-11-15,Snacks,376,345,31,351,No,No,Rainy
2024-11-15,Dinner,482,439,43,464,No,No,Cloudy
2024-11-15,Desserts,351,314,37,322,Yes,No,Rainy
2024-11-16,Meals,411,395,16,394,No,No,Sunny
2024-11-16,Biryani,664,627,37,670,Yes,No,Sunny
2024-11-16,Breakfast,305,285,20,294,No,No,Sunny
2024-11-17,Snacks,415,381,34,392,No,Yes,Cloudy
2024-11-17,Dinner,485,446,39,457,No,No,Cloudy
2024-11-17,Desserts,325,290,35,304,Yes,No,Rainy
2024-11-18,Meals,457,420,37,428,No,No,Sunny
2024-11-18,Biryani,631,603,28,606,No,No,Rainy
2024-11-18,Breakfast,453,434,19,457,No,Yes,Cloudy
2024-11-19,Snacks,320,304,16,306,No,No,Rainy
2024-11-19,Dinner,511,489,22,524,No,Yes,Cloudy
2024-11-19,Desserts,284,255,29,258,No,No,Sunny
2024-11-20,Meals,561,527,34,528,Yes,No,Cloudy
2024-11-20,Biryani,743,684,59,739,Yes,Yes,Sunny
2024-11-20,Breakfast,326,313,13,334,No,No,Windy
2024-11-21,Snacks,350,332,18,328,No,No,Cold
2024-11-21,Dinner,380,355,25,382,No,No,Cloudy
2024-11-21,Desserts,326,291,35,307,Yes,No,Sunny
2024-11-22,Meals,468,444,24,449,No,No,Sunny
2024-11-22,Biryani,577,542,35,578,No,No,Cold
2024-11-22,Breakfast,388,378,10,406,No,No,Sunny
2024-11-23,Snacks,394,375,19,406,No,No,Rainy
2024-11-23,Dinner,512,488,24,501,No,No,Sunny
2024-11-23,Desserts,365,330,35,342,No,Yes,Cloudy
2024-11-24,Meals,377,363,14,392,No,No,Sunny
2024-11-24,Biryani,777,744,33,731,No,Yes,Windy
2024-11-24,Breakfast,381,367,14,370,No,No,Cold
2024-11-25,Snacks,341,318,23,319,No,No,Sunny
2024-11-25,Dinner,324,299,25,316,No,No,Rainy
2024-11-25,Desserts,225,211,14,215,No,No,Rainy
2024-11-26,Meals,515,478,37,499,No,Yes,Sunny
2024-11-26,Biryani,345,316,29,341,No,No,Sunny
2024-11-26,Breakfast,299,287,12,304,No,No,Sunny
2024-11-27,Snacks,230,217,13,236,No,No,Cold
2024-11-27,Dinner,346,324,22,352,No,No,Sunny
2024-11-27,Desserts,242,227,15,235,No,No,Cloudy
2024-11-28,Meals,396,371,25,376,No,No,Sunny
2024-11-28,Biryani,471,439,32,458,No,No,Rainy
2024-11-28,Breakfast,321,314,7,341,No,No,Sunny
2024-11-29,Snacks,305,280,25,304,No,No,Cloudy
2024-11-29,Dinner,594,568,26,576,No,Yes,Sunny
2024-11-29,Desserts,282,261,21,282,No,No,Windy
2024-11-30,Meals,546,500,46,512,No,Yes,Sunny
2024-11-30,Biryani,559,524,35,548,No,No,Cold
2024-11-30,Breakfast,465,446,19,448,No,Yes,Cloudy
2024-12-01,Snacks,413,381,32,380,No,No,Rainy
2024-12-01,Dinner,508,470,38,499,No,No,Sunny
2024-12-01,Desserts,354,318,36,344,No,Yes,Sunny
2024-12-02,Meals,405,382,23,382,No,No,Cloudy
2024-12-02,Biryani,439,410,29,418,No,No,Sunny
2024-12-02,Breakfast,308,298,10,305,No,No,Sunny
2024-12-03,Snacks,284,267,17,264,No,No,Rainy
2024-12-03,Dinner,343,325,18,335,No,No,Sunny
2024-12-03,Desserts,214,197,17,208,No,No,Cloudy
2024-12-04,Meals,440,410,30,410,No,No,Sunny
2024-12-04,Biryani,484,460,24,494,No,No,Sunny
2024-12-04,Breakfast,269,264,5,269,No,No,Rainy
2024-12-05,Snacks,288,268,20,268,No,No,Sunny
2024-12-05,Dinner,427,413,14,411,No,No,Cold
2024-12-05,Desserts,229,211,18,220,No,No,Windy
2024-12-06,Meals,619,573,46,616,No,Yes,Cold
2024-12-06,Biryani,586,531,55,524,No,No,Cloudy
2024-12-06,Breakfast,387,365,22,384,No,No,Sunny
2024-12-07,Snacks,430,413,17,443,No,Yes,Sunny
2024-12-07,Dinner,425,404,21,399,No,No,Rainy
2024-12-07,Desserts,295,272,23,269,No,No,Windy
2024-12-08,Meals,612,559,53,567,No,Yes,Cold
2024-12-08,Biryani,757,684,73,720,No,Yes,Rainy
2024-12-08,Breakfast,506,484,22,479,No,Yes,Windy
2024-12-09,Snacks,267,256,11,256,No,No,Sunny
2024-12-09,Dinner,348,329,19,331,No,No,Windy
2024-12-09,Desserts,277,254,23,251,Yes,No,Cloudy
2024-12-10,Meals,482,447,35,446,No,No,Cloudy
2024-12-10,Biryani,501,459,42,459,No,No,Rainy
2024-12-10,Breakfast,420,408,12,409,No,Yes,Sunny
2024-12-11,Snacks,238,229,9,247,No,No,Sunny
2024-12-11,Dinner,412,380,32,385,No,No,Cloudy
2024-12-11,Desserts,189,171,18,181,No,No,Cloudy
2024-12-12,Meals,418,382,36,380,No,No,Sunny
2024-12-12,Biryani,485,447,38,442,No,No,Cold
2024-12-12,Breakfast,310,296,14,316,No,No,Cold
2024-12-13,Snacks,368,336,32,352,No,No,Sunny
2024-12-13,Dinner,508,490,18,497,No,No,Sunny
2024-12-13,Desserts,276,256,20,257,No,No,Windy
2024-12-14,Meals,455,430,25,436,No,No,Rainy
2024-12-14,Biryani,592,537,55,547,No,No,Sunny
2024-12-14,Breakfast,386,362,24,366,No,No,Sunny
2024-12-15,Snacks,313,303,10,327,No,No,Sunny
2024-12-15,Dinner,621,574,47,586,No,No,Cold
2024-12-15,Desserts,322,297,25,310,Yes,No,Sunny
2024-12-16,Meals,402,369,33,365,No,No,Rainy
2024-12-16,Biryani,557,532,25,570,No,No,Rainy
2024-12-16,Breakfast,452,435,17,430,Yes,No,Windy
2024-12-17,Snacks,235,224,11,237,No,No,Cloudy
2024-12-17,Dinner,453,421,32,419,No,No,Cold
2024-12-17,Desserts,284,268,16,285,No,Yes,Sunny
2024-12-18,Meals,467,443,24,480,No,No,Sunny
2024-12-18,Biryani,567,516,51,514,No,No,Rainy
2024-12-18,Breakfast,441,425,16,438,No,Yes,Windy
2024-12-19,Snacks,365,343,22,338,No,No,Rainy
2024-12-19,Dinner,401,389,12,386,No,No,Sunny
2024-12-19,Desserts,209,186,23,190,No,No,Sunny
2024-12-20,Meals,490,447,43,464,No,No,Sunny
2024-12-20,Biryani,681,616,65,626,No,Yes,Cold
2024-12-20,Breakfast,368,360,8,383,No,No,Cloudy
2024-12-21,Snacks,423,401,22,395,No,Yes,Sunny
2024-12-21,Dinner,528,487,41,521,No,No,Windy
2024-12-21,Desserts,305,280,25,289,No,No,Sunny
2024-12-22,Meals,419,394,25,406,No,No,Sunny
2024-12-22,Biryani,517,472,45,475,No,No,Sunny
2024-12-22,Breakfast,337,316,21,336,No,No,Sunny
2024-12-23,Snacks,357,340,17,350,No,No,Rainy
2024-12-23,Dinner,395,363,32,360,No,No,Rainy
2024-12-23,Desserts,224,211,13,228,No,No,Sunny
2024-12-24,Meals,482,460,22,487,Yes,No,Sunny
2024-12-24,Biryani,545,518,27,526,Yes,No,Sunny
2024-12-24,Breakfast,435,414,21,424,Yes,No,Sunny
2024-12-25,Snacks,376,345,31,340,Yes,No,Sunny
2024-12-25,Dinner,426,400,26,430,Yes,No,Cloudy
2024-12-25,Desserts,356,322,34,333,Yes,Yes,Sunny
2024-12-26,Meals,341,324,17,319,No,No,Rainy
2024-12-26,Biryani,453,432,21,455,No,No,Sunny
2024-12-26,Breakfast,571,536,35,570,Yes,Yes,Sunny
2024-12-27,Snacks,352,338,14,339,No,No,Rainy
2024-12-27,Dinner,457,424,33,454,No,No,Rainy
2024-12-27,Desserts,283,264,19,270,No,No,Windy
2024-12-28,Meals,600,551,49,542,No,Yes,Sunny
2024-12-28,Biryani,516,481,35,497,No,No,Sunny
2024-12-28,Breakfast,318,303,15,312,No,No,Cloudy
2024-12-29,Snacks,417,393,24,409,No,Yes,Windy
2024-12-29,Dinner,486,462,24,492,No,No,Cloudy
2024-12-29,Desserts,295,264,31,270,No,No,Sunny
2024-12-30,Meals,408,379,29,378,No,No,Sunny
2024-12-30,Biryani,368,340,28,339,No,No,Cloudy
2024-12-30,Breakfast,332,324,8,331,No,No,Cloudy
2024-12-31,Snacks,361,350,11,372,Yes,No,Sunny
2024-12-31,Dinner,542,526,16,522,Yes,No,Sunny
2024-12-31,Desserts,294,274,20,295,Yes,No,Rainy
2025-01-01,Meals,571,549,22,580,Yes,No,Sunny
2025-01-01,Biryani,658,596,62,602,Yes,No,Cloudy
2025-01-01,Breakfast,440,410,30,418,Yes,No,Cloudy
2025-01-02,Snacks,287,268,19,289,No,No,Sunny
2025-01-02,Dinner,388,359,29,370,No,No,Sunny
2025-01-02,Desserts,250,224,26,240,No,No,Sunny
2025-01-03,Meals,447,420,27,441,No,No,Cloudy
2025-01-03,Biryani,654,602,52,630,No,No,Cloudy
2025-01-03,Breakfast,360,344,16,358,No,No,Sunny
2025-01-04,Snacks,346,333,13,361,No,No,Sunny
2025-01-04,Dinner,513,496,17,530,Yes,No,Sunny
2025-01-04,Desserts,326,296,30,320,No,No,Windy
2025-01-05,Meals,405,386,19,396,No,No,Sunny
2025-01-05,Biryani,799,724,75,745,No,Yes,Sunny
2025-01-05,Breakfast,478,442,36,447,No,Yes,Rainy
2025-01-06,Snacks,232,225,7,237,No,No,Sunny
2025-01-06,Dinner,447,432,15,456,No,No,Cloudy
2025-01-06,Desserts,262,247,15,264,No,No,Cloudy
2025-01-07,Meals,430,415,15,408,No,No,Sunny
2025-01-07,Biryani,568,545,23,571,Yes,No,Rainy
2025-01-07,Breakfast,346,322,24,317,No,No,Sunny
2025-01-08,Snacks,258,242,16,247,No,No,Windy
2025-01-08,Dinner,416,386,30,392,No,No,Sunny
2025-01-08,Desserts,205,184,21,189,No,No,Sunny
2025-01-09,Meals,551,505,46,546,No,Yes,Cloudy
2025-01-09,Biryani,455,421,34,433,No,No,Sunny
2025-01-09,Breakfast,306,282,24,293,No,No,Sunny
2025-01-10,Snacks,298,287,11,308,No,No,Cloudy
2025-01-10,Dinner,475,447,28,475,No,No,Cloudy
2025-01-10,Desserts,289,263,26,260,No,No,Sunny
2025-01-11,Meals,490,467,23,459,No,No,Sunny
2025-01-11,Biryani,824,748,76,809,No,Yes,Rainy
2025-01-11,Breakfast,361,345,16,343,No,No,Rainy
2025-01-12,Snacks,341,316,25,327,No,No,Cloudy
2025-01-12,Dinner,419,398,21,396,No,No,Rainy
2025-01-12,Desserts,288,263,25,275,No,No,Sunny
2025-01-13,Meals,377,353,24,357,No,No,Cloudy
2025-01-13,Biryani,446,414,32,445,No,No,Rainy
2025-01-13,Breakfast,321,305,16,325,No,No,Rainy
2025-01-14,Snacks,268,260,8,278,No,No,Cold
2025-01-14,Dinner,437,408,29,408,No,No,Cloudy
2025-01-14,Desserts,283,260,23,282,No,Yes,Windy
2025-01-15,Meals,386,371,15,399,No,No,Sunny
2025-01-15,Biryani,478,448,30,472,No,No,Sunny
2025-01-15,Breakfast,327,314,13,328,No,No,Sunny
2025-01-16,Snacks,291,281,10,281,No,No,Sunny
2025-01-16,Dinner,288,278,10,291,No,No,Rainy
2025-01-16,Desserts,298,274,24,283,Yes,No,Sunny
2025-01-17,Meals,494,463,31,491,No,No,Sunny
2025-01-17,Biryani,535,494,41,533,No,No,Sunny
2025-01-17,Breakfast,403,384,19,395,No,No,Sunny
2025-01-18,Snacks,466,444,22,443,No,Yes,Rainy
2025-01-18,Dinner,622,589,33,587,No,Yes,Cold
2025-01-18,Desserts,259,233,26,253,No,No,Rainy
2025-01-19,Meals,469,443,26,468,No,No,Sunny
2025-01-19,Biryani,597,565,32,593,No,No,Cloudy
2025-01-19,Breakfast,431,423,8,432,No,Yes,Cold
2025-01-20,Snacks,324,297,27,307,No,No,Sunny
2025-01-20,Dinner,381,352,29,362,No,No,Windy
2025-01-20,Desserts,292,264,28,264,No,Yes,Sunny
2025-01-21,Meals,421,389,32,415,No,No,Cloudy
2025-01-21,Biryani,690,645,45,637,No,Yes,Rainy
2025-01-21,Breakfast,445,419,26,452,No,Yes,Sunny
2025-01-22,Snacks,271,257,14,266,No,No,Sunny
2025-01-22,Dinner,407,385,22,385,No,No,Cloudy
2025-01-22,Desserts,231,209,22,215,No,No,Rainy
2025-01-23,Meals,372,355,17,384,No,No,Rainy
2025-01-23,Biryani,553,525,28,526,No,No,Rainy
2025-01-23,Breakfast,308,293,15,301,No,No,Cloudy
2025-01-24,Snacks,292,267,25,289,No,No,Cold
2025-01-24,Dinner,461,426,35,446,No,No,Sunny
2025-01-24,Desserts,259,238,21,248,No,No,Sunny
2025-01-25,Meals,771,728,43,716,Yes,Yes,Rainy
2025-01-25,Biryani,867,829,38,844,Yes,Yes,Sunny
2025-01-25,Breakfast,304,294,10,316,No,No,Rainy
2025-01-26,Snacks,464,424,40,425,No,Yes,Sunny
2025-01-26,Dinner,400,388,12,420,No,No,Rainy
2025-01-26,Desserts,376,345,31,341,No,Yes,Sunny
2025-01-27,Meals,380,360,20,380,No,No,Sunny
2025-01-27,Biryani,423,390,33,398,No,No,Sunny
2025-01-27,Breakfast,449,414,35,434,Yes,No,Cloudy
2025-01-28,Snacks,243,235,8,251,No,No,Sunny
2025-01-28,Dinner,543,519,24,528,No,Yes,Cloudy
2025-01-28,Desserts,256,230,26,244,No,No,Sunny
2025-01-29,Meals,589,540,49,568,Yes,No,Sunny
2025-01-29,Biryani,438,411,27,431,No,No,Sunny
2025-01-29,Breakfast,473,438,35,437,Yes,No,Cloudy
2025-01-30,Snacks,320,295,25,292,No,No,Sunny
2025-01-30,Dinner,434,406,28,427,No,No,Cloudy
2025-01-30,Desserts,220,202,18,216,No,No,Sunny
2025-01-31,Meals,610,569,41,604,No,Yes,Sunny
2025-01-31,Biryani,548,502,46,527,No,No,Cold
2025-01-31,Breakfast,311,303,8,329,No,No,Cold
2025-02-01,Snacks,301,292,9,316,No,No,Cloudy
2025-02-01,Dinner,423,411,12,439,No,No,Cloudy
2025-02-01,Desserts,390,350,40,366,No,Yes,Cloudy
2025-02-02,Meals,509,464,45,458,No,No,Sunny
2025-02-02,Biryani,502,455,47,487,No,No,Sunny
2025-02-02,Breakfast,285,279,6,296,No,No,Sunny
2025-02-03,Snacks,286,272,14,273,No,No,Rainy
2025-02-03,Dinner,569,545,24,541,Yes,No,Windy
2025-02-03,Desserts,178,163,15,177,No,No,Cloudy
